year,organic_peak_mw,organic_peak_p90_mw,organic_energy_gwh,existing_dc_mw,baseline_peak_mw,baseline_energy_gwh
2025,16222.514687350782,16257.901706710101,110621.1308945714,6050.0,21062.514687350784,153019.5308945714
2026,16328.85026383153,16358.805068996693,111589.73464342963,6050.0,21168.85026383153,153988.13464342963
2027,16447.29564915749,16466.414135244842,112557.81965275288,6050.0,21287.29564915749,154956.2196527529
2028,16548.07640441989,16570.903879650792,113855.61182755134,6050.0,21388.07640441989,156254.01182755135
2029,16652.98916882987,16697.29690710795,114498.48428964455,6050.0,21492.98916882987,156896.88428964454
2030,16768.802830010834,16804.15827735976,115467.3322940918,6050.0,21608.802830010834,157865.7322940918
2031,16873.932158946234,16909.31917830555,116436.19712716281,6050.0,21713.932158946234,158834.59712716282
2032,16987.36559399387,17012.516391116995,117743.33807341801,6050.0,21827.36559399387,160141.738073418
2033,17090.587791268797,17114.098640310258,118375.88676973197,6050.0,21930.587791268797,160774.28676973196
2034,17200.47188047517,17229.770472966145,119344.72557711914,6050.0,22040.47188047517,161743.12557711915
2035,17304.40664042532,17348.7143787034,120313.55052223596,6050.0,22144.40664042532,162711.95052223597
