month,mean_mw,sd_mw,days,t_stat,mean_pct_of_peak
1,23.967403175273418,283.2373213426186,62,0.666294683296463,0.1649115483575518
2,71.68347729705611,277.71939874043784,57,1.9487237398316501,0.49322962301175877
3,-85.3601130593789,281.98861311691167,62,-2.3835224937874577,-0.5873339013681972
4,-5.3242154011745395,263.9680783650378,60,-0.15623553960077016,-0.036634115059350846
5,-56.70747621790176,217.66612762304226,62,-2.0513762023109914,-0.3901848539098789
6,-61.89771718098233,265.1945176494857,60,-1.8079470868025782,-0.42589713643423055
7,-25.406872195168738,338.3025521310994,62,-0.5913461499434544,-0.174816045025283
8,-20.069676038611085,360.93266978994524,62,-0.43783453365099667,-0.13809261380375032
9,18.829873967920808,262.2948026740561,60,0.5560749778146881,0.1295619574936263
10,-32.779665348922855,207.61904995410555,62,-1.2431775558261424,-0.22554572674399004
11,-20.45803847669031,264.44608754519555,60,-0.599242310989007,-0.14076480363254382
12,22.232366537566563,242.02729725978028,62,0.7232978724165039,0.15297335145366242
