driver,base_value,low_input,high_input,swing
T&D cost per kW ±50%,8.092911503665622,7.338006422250198,8.847816585081048,1.50981016283085
Inflation 1.5% / 4%,8.092911503665622,8.985455049372405,6.852315026210554,2.133140023161851
ROE ±100bp,8.092911503665622,6.952433146759551,9.233389860571695,2.2809567138121434
Reserve requirement ±0.05,8.092911503665622,6.84581457163882,9.340008435692425,2.4941938640536057
Data center build-out: Low / High scenario,8.092911503665622,5.9540647448889095,10.198941120547067,4.244876375658158
Upfront customer share (CIAC) 0% / 25%,8.092911503665622,9.228169054402047,3.5518813007199057,5.676287753682141
Capital cost ±20%,8.092911503665622,3.7789328108672082,12.406890196464015,8.627957385596808
Energy cost ±30%,8.092911503665622,3.562293441369868,12.6235295659614,9.061236124591531
DC load factor 0.50 / 0.90,8.092911503665622,16.206761335719833,5.799576358659286,10.407184977060545
