year,p5,p25,p50,p75,p95
2025,11.323489624845298,92.21626931511759,158.72463149144767,225.52049860183627,323.5695694112632
2026,200.139945468814,352.36035230966445,466.42025546557625,584.6100584172503,742.9633847952433
2027,666.4328271138528,1005.9358421111796,1255.9673815770934,1500.654802391074,1841.4051095837644
2028,1588.096724903422,2268.1893408828523,2741.669849208436,3215.0964692279285,3947.3248383621944
2029,2853.335631841927,3920.516525218608,4663.086880090001,5378.979361082844,6542.808724019129
2030,4237.848734481389,5653.618038298622,6622.906393704749,7601.775196567936,9160.820619483049
2031,5517.16827547167,7269.114870987706,8490.989803288134,9726.221180832623,11565.70862336946
2032,6719.920282409748,8802.898333526598,10254.915476882143,11681.070137143153,13651.968682227178
2033,7692.199360042363,10020.289723042164,11654.797240759297,13137.154519147814,15138.618400848436
2034,8322.641488943853,10833.285564263042,12506.94811304814,14063.03312986443,16073.366214265374
2035,8660.769368162677,11258.638143971111,12957.044999015821,14542.74426795646,16569.363548347792
