scenario,year,dc_peak_mw,dc_energy_gwh
low,2025,7.6499999999999995,53.6112
low,2026,169.48999999999998,1187.78592
low,2027,707.37,4957.248960000001
low,2028,1921.7475000000002,13467.606480000002
low,2029,3506.407499999999,24572.903759999994
low,2030,5117.637499999996,35864.403599999976
low,2031,6499.367499999997,45547.56743999998
low,2032,7857.184999999999,55063.15247999999
low,2033,8718.655000000002,61100.334240000026
low,2034,9177.515000000007,64316.02512000004
low,2035,9233.765000000007,64710.22512000005
base,2025,158.28,1109.22624
base,2026,483.448,3388.003584
base,2027,1215.6239999999998,8519.092991999998
base,2028,2768.14,19399.12512
base,2029,4873.637999999999,34154.45510399999
base,2030,7067.648000000002,49530.077184000016
base,2031,9013.258000000005,63164.91206400003
base,2032,10919.168000000003,76521.52934400002
base,2033,12150.208000000008,85148.65766400006
base,2034,12885.728000000005,90303.18182400003
base,2035,13125.728000000005,91985.10182400004
high,2025,408.73,2864.37984
high,2026,993.418,6961.873344
high,2027,2007.234,14066.695872
high,2028,3950.8424999999997,27687.50424
high,2029,6639.503000000001,46529.637024
high,2030,9456.495499999997,66271.12046399998
high,2031,12011.587999999992,84177.20870399995
high,2032,14509.392999999991,101681.82614399993
high,2033,16148.06299999999,113165.62550399994
high,2034,17229.272999999986,120742.74518399991
high,2035,17753.022999999986,124413.1851839999
