variant,year,dc_peak_mw,total_peak_mw,cum_capex_bn,rate_base_bn,rate_cf_c_kwh,rate_sc_c_kwh,rate_delta_c_kwh,rate_delta_pct,d_net_income_mn
low,2030,5117.637499999996,29085.353165308832,31.25426637655076,27.535852299336316,12.315944101420891,13.300500351150461,0.9845562497295699,7.99415977875364,1404.171512908046
low,2035,9233.765000000009,33121.02110810659,58.57320031573201,45.31766092021914,13.93436030584944,15.057084996794524,1.122724690945084,8.057238841985303,2310.9423962639307
base,2030,7067.648000000002,31035.363665308836,43.05046142185543,37.791706697867255,12.315944101420891,13.55882853980699,1.242884438386099,10.091670018563237,1927.161628863052
base,2035,13125.728000000005,37012.98410810659,83.3663997630501,64.65487147447932,13.93436030584944,15.345603099833506,1.4112427939840657,10.127790318380425,3297.029912431041
high,2030,9456.495499999995,33424.21116530883,57.413785367610856,50.17062756255219,12.315944101420891,13.816525688381876,1.500581586960985,12.1840564929802,2558.416033113055
high,2035,17753.022999999986,41640.279108106566,112.76013610878738,87.48626531527346,13.93436030584944,15.601326322526546,1.6669660166771063,11.962989187076921,4461.300859366649
mc_p5,2030,4237.848734481389,28205.564399790223,25.868455204392998,22.775915531074933,12.315944101420891,13.160713975242956,0.8447698738220648,6.859156446841963,1161.4418693662944
mc_p5,2035,8660.769368162677,32548.02547626926,55.45158928510706,43.57544487039259,13.93436030584944,15.069948122442845,1.1355878165934055,8.149551121601917,2222.0993083542603
mc_p50,2030,6622.906393704749,30590.622059013585,40.284145038162734,35.291334153885735,12.315944101420891,13.493663878930574,1.177719777509683,9.562561893844656,1799.6568812434953
mc_p50,2035,12957.04499901582,36844.3011071224,82.6117468226626,64.48934417109345,13.93436030584944,15.367312112145308,1.4329518062958684,10.28358514379979,3288.588963463991
mc_p95,2030,9160.820619483047,33128.53628479188,55.64003801543131,48.643829648992856,12.315944101420891,13.787342797867993,1.4713986964471015,11.94710437405564,2480.5580422696366
mc_p95,2035,16569.363548347792,40456.61965645438,105.05070401202767,81.2571889426123,13.93436030584944,15.525274787291446,1.590914481442006,11.41720499917147,4143.653470096255
base_stranded,2030,7067.648000000002,29268.451665308836,43.05046142185543,37.791706697867255,12.315944101420891,14.123124580141136,1.8071804787202446,14.673503418318944,1927.161628863052
base_stranded,2035,13125.728000000005,35246.072108106586,83.3663997630501,64.65487147447932,13.93436030584944,15.858777449302938,1.924417143453498,13.810588367272626,3297.029912431041
base_stranded_tariff,2030,7067.648000000002,29268.451665308836,43.05046142185543,29.83555791936889,12.315944101420891,13.11447522926977,0.7985311278488787,6.483718351374712,1521.4433912076731
base_stranded_tariff,2035,13125.728000000005,35246.072108106586,83.3663997630501,51.043319585115256,13.93436030584944,14.678969724521878,0.7446094186724377,5.343692873793859,2602.918351919243
