variant,year,baseline_peak_mw,dc_peak_mw,stranded_mw,total_peak_mw,accredited_add_mw,capex_total_usd,capex_gas_cc_usd,capex_storage_4h_usd,capex_solar_usd,capex_smr_nuclear_usd,capex_td_usd,rate_base_usd,rate_base_gen_usd,rate_base_td_usd,depreciation_usd,fom_usd,fuel_usd,d_rr_usd,min_bill_usd,rr_cf_usd,rate_cf_c_kwh,rate_sc_c_kwh,rate_delta_c_kwh,rate_delta_pct,d_net_income_usd,cum_capex_usd
low,2025,24283.45239077604,7.649999999999999,0.0,24291.102390776043,7.083899999999999,42554788.24199832,10145772.18243243,5538388.437931034,13767758.884687496,9966368.736947365,3136499.9999999986,39095006.573368974,36181546.573368974,2913459.9999999986,1332042.2565294297,560443.1321149713,2787688.5803999994,8300976.550602536,0.0,14422223935.022041,10.885499999999999,10.887359859621618,0.0018598596216197194,0.017085660939963887,1993622.4937043495,42554788.24199832
low,2026,24271.727226593783,169.48999999999998,0.0,24441.217226593784,149.86383999999998,922776941.4787104,220005433.23594594,120096876.39406899,298546202.6595124,216115169.18918312,68013259.99999999,885516462.4122497,819492455.9011385,66024006.511111096,30216638.56589427,12727352.173035381,63306858.94500599,188263376.9640456,0.0,14755074887.335432,11.157637499999998,11.19940820333795,0.041770703337951076,0.37436870787341814,45156292.13918898,965331729.7207087
low,2027,24137.68235128837,707.37,0.0,24845.05235128837,498.07688,3143548213.1403418,749474391.310395,409124138.4806776,1017032762.4422947,736221749.1569746,231695171.74999994,3743271850.8140273,3463530824.144027,279741026.66999996,128615414.08154666,54445812.63971937,270817789.44024485,800563914.5376096,0.0,15093399723.557346,11.436578437499996,11.607191728877122,0.17061329137712633,1.4918211098670309,190885527.74196574,4108879942.8610506
low,2028,23939.489675777782,1921.7475,0.0,25861.237175777784,1124.5135650000002,7274653409.139411,1734398859.5493004,946776097.2517372,2353570026.8825526,1703730210.0218375,536178215.43398416,10297867294.978573,9526469674.531282,771397620.4472897,356325294.5178952,151613557.168095,754137855.8005354,2215818572.6074953,0.0,15470695986.321886,11.722492898437494,12.160522556247722,0.43802965781022785,3.7366596133200813,525132534.20032585,11383533352.000462
low,2029,23944.369217361065,3506.407499999999,0.0,27450.776717361063,1467.3951599999991,9730128051.70552,2319825020.79685,1266349356.3802936,3147990213.7265344,2278804525.34614,717158935.4557022,18880592947.628216,17460747071.353737,1419845876.2744799,660895996.4705998,283548898.4920151,1410394705.5756483,4103474673.8646994,0.0,15802254781.868877,12.015555220898431,12.752898723588645,0.737343502690214,6.1365745413725525,962802620.9492376,21113661403.705982
low,2030,23967.715665308835,5117.637499999996,0.0,29085.353165308832,1491.9989799999976,10140604972.844778,2417689573.766592,1319771796.6741345,3280791891.550341,2374938580.36285,747413130.4908606,27535852299.336315,25454595403.59494,2081256895.741375,978315372.4944388,424188571.32452244,2109947590.4987595,6062697558.79994,0.0,16168709005.281487,12.315944101420891,13.300500351150461,0.9845562497295699,7.99415977875364,1404171512.908046,31254266376.55076
low,2031,24226.33928152156,6499.367499999997,0.0,30725.706781521556,1279.4819800000005,8913604862.035255,2125152256.4311318,1160081113.021741,2883820307.9756823,2087574078.0403087,656977106.5663918,34746449504.48129,32103565328.695446,2642884175.7858453,1257327413.7885158,552184743.3892072,2746610700.015529,7774181762.739145,0.0,16542434055.194185,12.623842703956413,13.770194539146154,1.1463518351897406,9.080846950275024,1771870869.9663706,40167871238.58601
low,2032,24214.6141173393,7857.184999999999,0.0,32071.7991173393,1257.3390050000019,8978327811.150139,2140583288.3742468,1168504626.5170538,2904760136.242532,2102732249.5004358,661747510.5158697,41737495523.98737,38542422409.62705,3195073114.3603177,1538365401.0865521,684233215.7800267,3403430272.688312,9491566838.945282,0.0,16952036203.138325,12.93943877155532,14.21135591359643,1.2719171420411097,9.82977055262364,2128374367.9988694,49146199049.73615
low,2033,23891.865006399443,8718.655000000002,0.0,32610.520006399445,797.7212200000037,5838725794.120582,1392049736.1181915,759894074.5871893,1889004087.3925126,1367434702.9343593,430343193.088328,45563156892.418686,42044813964.00526,3518342928.413428,1721128135.9832387,778234594.403056,3871000583.953218,10590216706.368023,0.0,17311815680.087696,13.262924740844204,14.560502580915106,1.2975778400709022,9.783496969374417,2323461291.5190663,54984924843.856735
low,2034,23771.715351425668,9177.515000000009,0.0,32949.23035142568,424.9043600000056,3187733363.7125463,760008869.0994216,414874714.0837262,1031327992.7675477,746569950.1818718,234951837.57997918,46770593600.88448,43119562740.49979,3651030860.3846955,1820909987.061119,839672650.798121,4176598348.2940226,11168861701.778109,0.0,17711788248.724464,13.594497859365307,14.840844330283112,1.2463464709178051,9.168021384910464,2385033681.261584,58172658207.56928
low,2035,23887.256108106583,9233.765000000009,0.0,33121.02110810659,52.087500000000006,400542108.16272736,95495927.64462572,52129451.758465596,129587465.85669513,93807313.10241245,29521949.800528474,45317660920.21914,41729723762.41611,3587937157.8030295,1833447683.419941,865939574.3572017,4307252108.955805,11203756032.826035,0.0,18123856863.73336,13.93436030584944,15.057084996794524,1.122724690945084,8.057238841985303,2310942396.263931,58573200315.73201
base,2025,24283.45239077604,158.28,0.0,24441.73239077604,146.56728,880466912.8030716,209918015.8216216,114590342.7393104,284857630.88475,206206123.35738954,64894799.99999999,808883351.6905679,748603293.0239012,60280058.66666666,27560215.47235009,11595678.294268979,57677823.334079996,171748832.47442743,0.0,14422223935.022041,10.885499999999999,10.923676809798287,0.03817680979828886,0.3507125056110283,41248440.30111432,880466912.8030716
base,2026,24271.727226593783,483.448,0.0,24755.175226593783,301.105568,1854038139.5622182,442033654.93367565,241297955.40846902,599837318.5021526,434217358.71792084,136651852.0,2484624603.5235095,2298780159.2212873,185844444.30222222,85594980.75116588,36303103.152691066,180574513.79577115,532587284.13042593,0.0,14755074887.335432,11.157637499999998,11.27159916360031,0.11396166360031224,1.0213780793677074,126701692.4194589,2734505052.3652897
base,2027,24137.68235128837,1215.6239999999998,0.0,25353.30635128837,677.9949759999998,4279078152.1979666,1020203692.1470954,556910231.3085232,1384410983.6282248,1002163857.0141236,315389388.0999998,6330210939.826485,5855659671.009151,474551268.81733304,219537908.28509223,93565795.19112517,465403684.73430896,1364782877.6318378,0.0,15093399723.557346,11.436578437499996,11.71451946452568,0.27794102702568324,2.4302812991193967,322804675.7287937,7013583204.563256
base,2028,23939.489675777782,2768.14,0.0,26707.62967577778,1437.6298160000001,9300251208.659153,2217335202.465495,1210402069.7031014,3008912075.4094934,2178126991.600439,685474869.4806247,14654796904.719862,13554428740.209305,1100368164.5105577,510652683.3328167,218388499.0818463,1086281711.9084034,3172583862.2996035,0.0,15470695986.321886,11.722492898437494,12.316072573013768,0.593579674576274,5.063595940888921,747311109.798356,16313834413.222408
base,2029,23944.369217361065,4873.637999999999,0.0,28818.007217361064,1949.6911479999992,12928177118.504837,3082293325.7845387,1682566630.7977712,4182655647.912355,3027790422.2402587,952871091.7699132,26021237030.670654,24061141726.78497,1960095303.885686,915328136.6288015,394111262.46702015,1960340671.2118576,5679749283.106544,0.0,15802254781.868877,12.015555220898431,12.966787951053007,0.951232730154576,7.9166772792997,1326934767.5131285,29242011531.727245
base,2030,23967.715665308835,7067.648000000002,0.0,31035.363665308836,2031.6532600000028,13808449890.128187,3292165055.106755,1797131706.5974605,4467450468.263616,3233951077.5630493,1017751582.5973064,37791706697.867256,34931733655.06414,2859973042.803117,1347557728.4251716,585820216.4073992,2913916209.988181,8347391000.08735,0.0,16168709005.281487,12.315944101420891,13.55882853980699,1.242884438386099,10.091670018563237,1927161628.8630521,43050461421.85543
base,2031,24226.33928152156,9013.258000000003,0.0,33239.597281521565,1801.6348600000015,12551221118.181135,2992420720.1370573,1633506845.9874434,4060699000.094497,2939506996.2843723,925087555.6777649,47974932986.71104,44322642656.73947,3652290329.971564,1740433773.4282978,765764292.5762737,3808972313.813704,10758391559.033766,0.0,16542434055.194185,12.623842703956413,14.05765572341623,1.4338130194598175,11.357975959336454,2446448125.2042384,55601682540.03657
base,2032,24214.6141173393,10919.168000000003,0.0,35133.7821173393,1764.87266,12602492425.196415,3004644655.961022,1640179665.3269787,4077286815.986681,2951514781.364483,928866506.5572504,57812386087.07136,53383797870.62315,4428588216.448202,2134914703.5762744,950882209.6313584,4729763512.475461,13169881990.951603,0.0,16952036203.138325,12.93943877155532,14.514339768918678,1.5749009973633576,12.171323850810678,2948102159.839943,68204174965.23299
base,2033,23891.865006399443,12150.208000000008,0.0,36042.07300639945,1139.9430400000042,8343534889.890761,1989238054.895628,1085888076.8683908,2699385459.439884,1954063190.4771059,614960108.2097517,63342661714.37981,58448969181.0584,4893692533.3214,2396082518.087768,1084537947.0563717,5394577748.87905,14741708880.232445,0.0,17311815680.087696,13.262924740844204,14.86184986748161,1.5989251266374058,12.055599785719906,3230114694.261598,76547709855.12375
base,2034,23771.715351425668,12885.728000000005,0.0,36657.443351425674,681.0915199999971,5109710246.432052,1218240254.9797256,665014709.7216079,1653145546.006131,1196698622.1456668,376611113.57892,65640860707.84048,60516446081.60961,5124414626.230864,2556025740.649772,1178945867.9417646,5864170233.59439,15678501298.504482,0.0,17711788248.724464,13.594497859365307,15.136835636807389,1.5423377774420821,11.345308913926221,3347309743.1938295,81657420101.5558
base,2035,23887.256108106583,13125.728000000005,0.0,37012.98410810659,222.24,1708979661.4943032,407449291.2837363,222418994.16945323,552906520.9885659,400244535.9036265,125960319.14892149,64654871474.47932,59540512172.34063,5114359302.138685,2609519911.7807455,1230926639.0739205,6122726711.106491,15951214857.651073,0.0,18123856863.73336,13.93436030584944,15.345603099833506,1.4112427939840657,10.127790318380425,3297029912.431041,83366399763.0501
high,2025,24283.45239077604,408.73,0.0,24692.18239077604,378.48398000000003,2273649489.954507,542076008.3824323,295909216.5013793,735594259.9919375,532490705.078758,167579300.0,2088797651.8605366,1933135102.082759,155662549.7777778,71169363.59624496,29943780.573771544,148942739.01527998,443510868.6964412,0.0,14422223935.022041,10.885499999999999,10.98280647654368,0.09730647654368063,0.89390911344156,106516774.09827176,2273649489.954507
high,2026,24271.727226593783,993.418,0.0,25265.145226593784,541.421088,3333765474.291302,794825362.9996215,433880390.91136557,1078573789.7960026,780770798.5843124,245715131.99999997,5080352567.147196,4699985746.644974,380366820.50222224,175522285.2900778,74597797.75227131,371055361.37488914,1091694707.6850562,0.0,14755074887.335432,11.157637499999998,11.383862728741816,0.22622522874181783,2.0275370009271043,259069022.91487426,5607414964.24581
high,2027,24137.68235128837,2007.234,0.0,26144.91635128837,938.7936159999999,5925075249.596728,1412636888.340781,771132218.2976248,1916940743.452438,1387657821.1558847,436707578.3499998,10348186139.097128,9570891606.047573,777294533.0495553,360987915.1669586,154495506.29525492,768472899.2879263,2242358489.4918184,0.0,15093399723.557346,11.436578437499996,11.870434477444103,0.43385603994410715,3.793582515217264,527698508.4329606,11532490213.842537
high,2028,23939.489675777782,3950.8425,0.0,27890.33217577778,1799.7814710000002,11643066674.53682,2775901534.5807433,1515313047.3969612,3766883616.992374,2726816428.915414,858152046.6513278,20683662405.273613,19127184457.997547,1556477947.2760663,725437074.6334926,311696143.86691755,1550401336.0525398,4503161761.125842,0.0,15470695986.321886,11.722492898437494,12.510091934223485,0.7875990357859912,6.718699193163702,1054748885.7932441,23175556888.379356
high,2029,23944.369217361065,6639.503000000001,0.0,30583.872217361066,2489.6996230000004,16508911029.85032,3936000088.554122,2148589283.3163714,5341131183.997259,3866401445.432724,1216789028.5498455,35124931872.82391,32474253146.89824,2650678725.9256725,1242196010.8075047,536909575.4513503,2670630803.4230585,7702848619.334489,0.0,15802254781.868877,12.015555220898431,13.201805302466424,1.1862500815679926,9.872619781271275,1791171313.4023445,39684467918.229675
high,2030,23967.715665308835,9456.495499999995,0.0,33424.21116530883,2608.5350549999953,17729317449.38118,4226965359.7740135,2307421816.216531,5735969509.35504,4152221699.473566,1306739064.5620272,50170627562.55219,46367882237.35054,3802745325.201653,1797155887.1838346,783825997.0312035,3898812664.0050926,11126371022.276125,0.0,16168709005.281487,12.315944101420891,13.816525688381876,1.500581586960985,12.1840564929802,2558416033.113055,57413785367.610855
high,2031,24226.33928152156,12011.587999999992,0.0,36237.92728152155,2366.0156549999974,16483021234.937204,3929827529.0869083,2145219797.84292,5332755053.633014,3860338032.7525635,1214880821.6217973,63516393310.04526,58674494200.372856,4841899109.6723995,2313104425.6972814,1020501708.4319175,5076056420.102129,14292263454.596272,0.0,16542434055.194185,12.623842703956413,14.327165937367248,1.7033232334108348,13.492906029928587,3238974015.370441,73896806602.54807
high,2032,24214.6141173393,14509.392999999993,0.0,38724.00711733929,2312.9674300000006,16516293315.066158,3937760148.6338396,2149550067.3967056,5343519576.163416,3868130383.1062927,1217333139.765904,76376777518.5351,70519094177.32788,5857683341.2072115,2830094440.8230047,1263532503.2319088,6284910864.963963,17452209294.179398,0.0,16952036203.138325,12.93943877155532,14.785288141745136,1.845849370189816,14.265296994546105,3894780305.8134346,90413099917.61421
high,2033,23891.865006399443,16148.06299999999,0.0,40039.92800639943,1517.4084199999968,11106300622.252089,2647927543.71572,1445454424.650633,3593223592.101255,2601105348.5988274,818589713.1856544,83750021262.91388,77272641283.81256,6477379979.101312,3177741846.760706,1441389900.0705943,7169587660.334455,19545267359.78516,0.0,17311815680.087696,13.262924740844204,15.124359431237744,1.8614346903935406,14.034873353847122,4270773709.2874093,101519400539.8663
high,2034,23771.715351425668,17229.272999999986,0.0,41000.98835142565,1001.2004599999975,7511243495.139232,1790805887.1092985,977567645.0648535,2430114063.2440886,1759139815.708776,553616084.0122156,87472845156.1756,80639180937.55743,6833664218.618164,3412857427.1205387,1576347119.1531115,7840875569.705598,20931419169.684963,0.0,17711788248.724464,13.594497859365307,15.39390980065101,1.7994119412857028,13.236325165523354,4460616507.747565,109030644035.00554
high,2035,23887.256108106583,17753.022999999986,0.0,41640.279108106566,484.9925,3729492073.7818394,889173192.9577368,485383117.48437977,1206603293.1990058,873450315.3313514,274882154.80936515,87486265315.27345,80566917157.59378,6919348157.679667,3529597310.9949017,1664872907.22404,8281209859.368391,21578262045.694794,0.0,18123856863.73336,13.93436030584944,15.601326322526546,1.6669660166771063,11.962989187076921,4461300859.366649,112760136108.78738
mc_p5,2025,24283.45239077604,11.323489624845298,0.0,24294.775880400888,10.485551392606746,62989372.96022966,15017718.43710035,8197893.335330097,20378964.037664127,14752166.403948506,4642630.746186571,57868222.39435327,53555734.27900663,4312488.115346637,1971681.9178649045,829564.9662509388,4126321.923850864,12287061.679324437,0.0,14422223935.022041,10.885499999999999,10.888252419797093,0.0027524197970940634,0.02528519403881546,2950949.4932443686,62989372.96022966
mc_p5,2026,24271.727226593783,200.139945468814,0.0,24471.867172062597,174.84403811151503,1076590902.2772336,256677250.1855425,140115339.58637726,348309663.1972589,252138533.739627,79350115.56842783,1044958644.6516123,967036726.9462343,77921917.70537788,35670934.90611286,15028919.522530494,74755037.4479639,222234232.50865057,0.0,14755074887.335432,11.157637499999998,11.206827219075507,0.04918971907550862,0.44086141959271963,53286934.61295771,1139580275.2374632
mc_p5,2027,24137.68235128837,666.4328271138528,0.0,24804.115178402222,431.78720840330595,2725169470.6910887,649725912.1798275,354673297.9153325,881674606.8391311,638237080.6576868,200858573.0991107,3512895946.833734,3250171912.538491,262724034.2952433,120973694.9744122,51294904.84753287,255144924.22549227,752762048.7796229,0.0,15093399723.557346,11.436578437499996,11.596578648233942,0.160000210733946,1.3990216707587377,179137669.78162348,3864749745.9285517
mc_p5,2028,23939.489675777782,1588.096724903422,0.0,25527.586400681204,853.4607693531411,5521170654.212225,1316339287.5889018,718565148.0919502,1786265411.4534187,1293063010.596431,406937796.4815234,8464211691.807495,7829501187.745927,634710504.0615686,293796376.5278515,125290650.09300616,623205628.6908242,1826209636.8074121,0.0,15470695986.321886,11.722492898437494,12.086961563648368,0.3644686652108735,3.109139569275876,431626550.275539,9385920400.140778
mc_p5,2029,23944.369217361065,2853.335631841927,0.0,26797.704849202994,1171.6112278250555,7768818914.159243,1852216168.5166552,1011090376.1493841,2513447488.4634385,1819464204.7981715,572600676.2315923,15307615124.362902,14155626651.270664,1151988473.0922368,536974535.8958757,230737635.43934828,1147707295.3957012,3333141503.834941,0.0,15802254781.868877,12.015555220898431,12.62969477266579,0.6141395517673587,5.11120410565129,780601117.9362991,17154739314.300018
mc_p5,2030,23967.715665308835,4237.848734481389,0.0,28205.564399790223,1282.0591330441423,8713715890.09298,2077495387.3715544,1134066114.0801542,2819150190.1558194,2040759905.4612532,642244293.0241967,22775915531.074932,21054046143.629562,1721869387.4453685,809729688.8762996,351265012.45332384,1747220026.0798523,5017616949.851912,0.0,16168709005.281487,12.315944101420891,13.160713975242956,0.8447698738220648,6.859156446841963,1161441869.3662944,25868455204.392998
mc_p5,2031,24226.33928152156,5517.16827547167,0.0,29743.50755699323,1184.6498949570002,8252950200.594672,1967641152.2019024,1074098729.145685,2670078577.36164,1932848176.779643,608283565.1058013,29548156183.752476,27301510115.406464,2246646068.346013,1068062037.8873942,468737326.89010143,2331536633.248808,6604952501.457022,0.0,16542434055.194185,12.623842703956413,13.639737932287275,1.0158952283308622,8.047432561976331,1506787540.881129,34121405404.98767
mc_p5,2032,24214.6141173393,6719.920282409748,0.0,30934.53439974905,1113.7483584246602,7952984693.310237,1896124365.837259,1035059044.8715043,2573030678.673257,1862595991.8325286,586174612.0956889,35786486721.35463,33048442274.834045,2738044446.5205865,1317004921.0425687,585195927.6278524,2910810948.0947104,8127394242.57452,0.0,16952036203.138325,12.93943877155532,14.081356175494419,1.1419174039390985,8.82509221690022,1824906839.8147745,42074390098.297905
mc_p5,2033,23891.865006399443,7692.199360042363,0.0,31584.064366441806,900.3304258878012,6589748835.893633,1571106171.3718574,857637654.1703346,2131982717.60389,1543324958.1434536,485697334.6040975,40523472072.594864,37399736271.91391,3123735800.6809506,1523276042.858724,686612286.9903688,3415263961.5409203,9378252882.862976,0.0,17311815680.087696,13.262924740844204,14.471274058227365,1.2083493173831616,9.110730408217993,2066466091.911524,48664138934.19154
mc_p5,2034,23771.715351425668,8322.641488943853,0.0,32094.35684036952,583.7894113627797,4379726731.877301,1044199994.3752927,570009366.6354396,1416973838.111983,1025735842.6677687,322807690.08681774,43023843013.91538,39675975850.378426,3347867163.536955,1660369453.9629161,761458242.3089364,3787553678.3286285,10194055007.049816,0.0,17711788248.724464,13.594497859365307,14.795407761598696,1.2009099022333896,8.833793749918307,2193970757.804505,53043865666.06884
mc_p5,2035,23887.256108106583,8660.769368162677,0.0,32548.02547626926,313.1064161566311,2407723619.0382195,574041519.7957611,313358594.9854218,778971288.9505085,563890983.7250654,177461231.58146274,43575444870.392586,40145271883.357544,3430172987.035041,1735735581.6091022,812204224.4168735,4039968217.31964,10623668523.427952,0.0,18123856863.73336,13.93436030584944,15.069948122442845,1.1355878165934055,8.149551121601917,2222099308.3542604,55451589285.10706
mc_p50,2025,24283.45239077604,158.72463149144767,0.0,24442.17702226749,146.97900876108054,882940272.1448072,210507705.9938259,114912243.64275788,285657837.3117814,206785386.28494844,65077098.91149353,811155622.4200937,750706228.3200841,60449394.100009546,27637636.117473222,11628252.237498242,57839848.71070677,172231299.87105048,0.0,14422223935.022041,10.885499999999999,10.923783161108798,0.038283161108799035,0.3516895053860658,41364313.15637699,882940272.1448072
mc_p50,2026,24271.727226593783,466.42025546557625,0.0,24738.147482059358,284.92614780004305,1754414401.8612812,418281692.14800334,228332200.44128054,567606031.3422228,410885391.95464706,129309085.97512752,2395295306.9447203,2216105989.515946,179189317.42877424,82553997.24359053,35024454.846583985,174214415.72867367,513634279.06668246,0.0,14755074887.335432,11.157637499999998,11.267538553675308,0.10990105367531022,0.9849849815904976,122146407.47093114,2637354674.0060883
mc_p50,2027,24137.68235128837,1255.9673815770934,0.0,25393.649732865466,731.1206387792649,4614373944.8909645,1100143808.5693853,600548054.8826306,1492889296.399887,1080690425.7969875,340102359.24207413,6551958261.7773905,6060955350.111362,491002911.6660277,226992292.81374684,96670999.2492548,480849215.95170975,1411325230.8616433,0.0,15093399723.557346,11.436578437499996,11.724053940850455,0.2874755033504588,2.5136495580517337,334112525.18855476,7251728618.897053
mc_p50,2028,23939.489675777782,2741.669849208436,0.0,26681.15952498622,1375.7604850266234,8900008869.66465,2121910744.7967227,1158311632.0759223,2879421593.9298716,2084389884.7001934,655975014.1619389,14501387933.13607,13412340766.469002,1089047166.6670675,505578754.82273585,216300173.88809168,1075894216.7974865,3140826068.8001075,0.0,15470695986.321886,11.722492898437494,12.310178502404744,0.58768560396725,5.013315930825457,739488126.6787207,16151737488.561703
mc_p50,2029,23944.369217361065,4663.086880090001,0.0,28607.456097451068,1779.2321705963288,11797883300.648376,2812812403.685492,1535462004.717104,3816971470.0331073,2763074618.5617456,869562803.6509283,24834503112.53626,22962860727.819576,1871642384.7166831,874873956.2157664,377084850.64045966,1875649948.6492107,5427668043.456491,0.0,15802254781.868877,12.015555220898431,12.92978852011396,0.9142332992155282,7.608747847335584,1266418102.0716078,27949620789.21008
mc_p50,2030,23967.715665308835,6622.906393704749,0.0,30590.622059013585,1814.7928696072565,12334524248.952652,2940756567.6723356,1605304345.5250764,3990591020.009191,2888756399.416364,909115916.3296841,35291334153.885735,32618713541.197132,2672620612.6886015,1260966995.1555443,548956662.3586887,2730553968.9937344,7809001282.366984,0.0,16168709005.281487,12.315944101420891,13.493663878930574,1.177719777509683,9.562561893844656,1799656881.2434952,40284145038.162735
mc_p50,2031,24226.33928152156,8490.989803288134,0.0,32717.329084809695,1729.8452372742147,12051093457.006691,2873181933.574354,1568416608.8938806,3898892600.977773,2822376659.306399,888225654.2542839,45101684803.14473,41666683141.93454,3435001661.210188,1638188134.8973603,721392508.6785809,3588263542.172981,10124958121.294046,0.0,16542434055.194185,12.623842703956413,13.995248009632576,1.3714053056761628,10.863612117460498,2299928845.357003,52335238495.16942
mc_p50,2032,24214.6141173393,10254.915476882145,0.0,34469.52959422144,1633.395173748054,11663646205.790413,2780808038.510051,1517991416.6865644,3773541716.7260184,2731636173.1881495,859668860.6796302,54178867227.53025,50026762036.53097,4152105190.999283,2003281471.115367,893036602.0781536,4442034873.543209,12356154438.985775,0.0,16952036203.138325,12.93943877155532,14.446282202725948,1.506843431170628,11.6453538501462,2762813409.060846,63998884700.95984
mc_p50,2033,23891.865006399443,11654.797240759295,0.0,35546.66224715874,1296.2905133502416,9487882066.082973,2262069532.313194,1234821708.815054,3069616323.064258,2222070303.0059896,699304198.8844779,60892085757.10776,56189986553.66789,4702099203.439867,2300269433.2013183,1040317159.4141716,5174620044.586644,14154756048.506802,0.0,17311815680.087696,13.262924740844204,14.828404148064303,1.5654794072200993,11.803425246009901,3105149288.72368,73486766767.04282
mc_p50,2034,23771.715351425668,12506.94811304814,0.0,36278.66346447381,789.0917077394703,5919953289.700266,1411415727.5646648,770465609.3297033,1915283634.774784,1386458253.6549559,436330064.3761574,64030466645.90369,59037410270.276306,4993056375.627383,2485574736.4193153,1144290396.1995897,5691791169.086168,15251868347.961329,0.0,17711788248.724464,13.594497859365307,15.125443602502884,1.5309457431375773,11.261510053369882,3265188825.281206,79406720056.74307
mc_p50,2035,23887.256108106583,12957.04499901582,0.0,36844.3011071224,416.7897164060713,3205026765.919521,764131904.9856154,417125402.7322266,1036922930.5340706,750620080.1491725,236226447.51843598,64489344171.09345,59400416062.07433,5088928109.019119,2585897902.4337864,1215107600.353145,6044041558.112654,15817758266.855635,0.0,18123856863.73336,13.93436030584944,15.367312112145308,1.4329518062958684,10.28358514379979,3288588963.463991,82611746822.6626
mc_p95,2025,24283.45239077604,323.5695694112632,0.0,24607.021960187303,299.62542127482976,1799926079.4576328,429132436.13260573,234255419.8815247,582330433.212605,421544266.77227914,132663523.4586179,1653588816.088302,1530359143.1867414,123229672.90156062,56340959.396449044,23704881.42979621,117909959.94937561,351103713.4864649,0.0,14422223935.022041,10.885499999999999,10.962873461048927,0.0773734610489285,0.7107938179130802,84323604.1642517,1799926079.4576328
mc_p95,2026,24271.727226593783,742.9633847952433,0.0,25014.690611389025,388.3586730455656,2391293513.5634956,570124308.2676029,311220262.0279711,773655653.7430294,560043038.6097746,176250250.91511762,3794124859.10998,3509978960.8536143,284145898.2563657,131192794.86364225,55790646.35057799,277507098.95885706,815885214.0385964,0.0,14755074887.335432,11.157637499999998,11.328568220822572,0.17093072082257343,1.5319615897413152,193478741.30291206,4191219593.0211287
mc_p95,2027,24137.68235128837,1841.4051095837644,0.0,25979.087460872135,1017.1570371541707,6419655910.607851,1530553177.4295704,835500528.6036536,2076952520.5316217,1503489045.8295698,473160638.2134353,9560658275.377764,8843520230.63992,717138044.7378445,332139698.8096743,141731763.56110603,704985030.8062923,2064321395.195117,0.0,15093399723.557346,11.436578437499996,11.84276500723503,0.4061865697350342,3.5516441561155077,487539076.2920963,10610875503.628979
mc_p95,2028,23939.489675777782,3947.3248383621935,0.0,27886.814514139976,1950.0816688488255,12615382065.570175,3007717761.4832945,1641857216.5066285,4081457003.8341,2954533546.4472976,929816537.298853,20818247139.52867,19253923304.410065,1564323835.1186054,727024098.1407584,311418622.91589695,1549020924.8356824,4515555481.479028,0.0,15470695986.321886,11.722492898437494,12.519787462255557,0.7972945638180633,6.801407949023663,1061611940.1072669,23226257569.199154
mc_p95,2029,23944.369217361065,6542.808724019129,0.0,30487.177941380192,2403.4180781183222,15936788057.741222,3799596417.5419292,2074129054.874286,5156032127.985155,3732409743.4768414,1174620713.863011,34732321249.48286,32113045204.651314,2619276044.8315415,1225874544.8999786,529090303.03510696,2631737122.3825936,7603452380.824053,0.0,15802254781.868877,12.015555220898431,13.196203140812987,1.1806479199145556,9.825995538359123,1771150409.4925036,39163045626.94038
mc_p95,2030,23967.715665308835,9160.820619483047,0.0,33128.53628479188,2424.2790151995887,16476992388.490929,3928390151.4122996,2144435160.0892968,5330804539.774196,3858926071.626114,1214436465.5890236,48643829648.99286,44957414533.4711,3686415115.521755,1741634369.5563884,759318222.6640208,3776909050.918441,10783033004.074875,0.0,16168709005.281487,12.315944101420891,13.787342797867993,1.4713986964471015,11.94710437405564,2480558042.2696366,55640038015.431305
mc_p95,2031,24226.33928152156,11565.70862336946,0.0,35792.04790489102,2226.9262915988193,15514045004.517664,3698807413.838717,2019110211.2867074,5019261986.071619,3633402949.565673,1143462443.7549458,61154920213.279976,56492931110.51187,4661989102.768102,2227252190.004657,982619900.8302902,4887629305.191383,13761393345.185413,0.0,16542434055.194185,12.623842703956413,14.287944633057368,1.664101929100955,13.182213753181603,3118552347.832063,71154083019.94897
mc_p95,2032,24214.6141173393,13651.968682227178,0.0,37866.58279956648,1931.8768145022461,13795025257.616682,3288964398.524467,1795384527.665154,4463107194.30622,3230807016.8522587,1016762120.2685813,71601132641.62468,66105399837.01684,5495732804.607842,2659061566.3911414,1188864769.4013207,5913507635.98983,16392806840.968136,0.0,16952036203.138325,12.93943877155532,14.709861563155565,1.7704227916002448,13.682376978297949,3651249638.266801,84949108277.56564
mc_p95,2033,23891.865006399443,15138.618400848436,0.0,39030.48340724788,1376.6376394432853,10075963247.630219,2402277906.957754,1311358854.2456512,3259878341.6677,2359799431.6114316,742648713.1476821,78198840188.00659,72145449557.82364,6053390630.182945,2974457538.866804,1351286012.6942654,6721403779.588619,18289570014.88085,0.0,17311815680.087696,13.262924740844204,15.04584861591419,1.7829238750699865,13.442916324325772,3987695116.199265,95025071525.19586
mc_p95,2034,23771.715351425668,16073.366214265374,0.0,39845.08156569104,865.5764752240844,6493760169.7391,1548220870.3485913,845144993.7491506,2100927485.8456433,1520844328.3251705,478622491.47054476,81190188308.37881,74840069015.81175,6350119292.567056,3177724040.8799276,1470590461.1848798,7314833566.823442,19482615877.966972,0.0,17711788248.724464,13.594497859365307,15.3108380486882,1.716340189322894,12.625256240270023,4140236819.6539617,101518831694.93497
mc_p95,2035,23887.256108106583,16569.363548347792,0.0,40456.61965645438,459.29353136031915,3531872317.0926986,842057342.7104326,459663450.6555904,1142667335.0296385,827167594.9552222,260316593.74181506,81257188942.6123,74823227163.03798,6433961779.574324,3288278067.0045586,1553869696.5350544,7729071087.219179,20096891955.36403,0.0,18123856863.73336,13.93436030584944,15.525274787291446,1.590914481442006,11.41720499917147,4143653470.096255,105050704012.02766
base_stranded,2025,24283.45239077604,158.28,0.0,24441.73239077604,146.56728,880466912.8030716,209918015.8216216,114590342.7393104,284857630.88475,206206123.35738954,64894799.99999999,808883351.6905679,748603293.0239012,60280058.66666666,27560215.47235009,11595678.294268979,57677823.334079996,171748832.47442743,0.0,14422223935.022041,10.885499999999999,10.923676809798287,0.03817680979828886,0.3507125056110283,41248440.30111432,880466912.8030716
base_stranded,2026,24271.727226593783,483.448,0.0,24755.175226593783,301.105568,1854038139.5622182,442033654.93367565,241297955.40846902,599837318.5021526,434217358.71792084,136651852.0,2484624603.5235095,2298780159.2212873,185844444.30222222,85594980.75116588,36303103.152691066,180574513.79577115,532587284.13042593,0.0,14755074887.335432,11.157637499999998,11.27159916360031,0.11396166360031224,1.0213780793677074,126701692.4194589,2734505052.3652897
base_stranded,2027,24137.68235128837,1215.6239999999998,0.0,25353.30635128837,677.9949759999998,4279078152.1979666,1020203692.1470954,556910231.3085232,1384410983.6282248,1002163857.0141236,315389388.0999998,6330210939.826485,5855659671.009151,474551268.81733304,219537908.28509223,93565795.19112517,465403684.73430896,1364782877.6318378,0.0,15093399723.557346,11.436578437499996,11.71451946452568,0.27794102702568324,2.4302812991193967,322804675.7287937,7013583204.563256
base_stranded,2028,23939.489675777782,2768.14,0.0,26707.62967577778,1437.6298160000001,9300251208.659153,2217335202.465495,1210402069.7031014,3008912075.4094934,2178126991.600439,685474869.4806247,14654796904.719862,13554428740.209305,1100368164.5105577,510652683.3328167,218388499.0818463,1086281711.9084034,3172583862.2996035,0.0,15470695986.321886,11.722492898437494,12.316072573013768,0.593579674576274,5.063595940888921,747311109.798356,16313834413.222408
base_stranded,2029,23944.369217361065,4873.637999999999,0.0,28818.007217361064,1949.6911479999992,12928177118.504837,3082293325.7845387,1682566630.7977712,4182655647.912355,3027790422.2402587,952871091.7699132,26021237030.670654,24061141726.78497,1960095303.885686,915328136.6288015,394111262.46702015,1960340671.2118576,5679749283.106544,0.0,15802254781.868877,12.015555220898431,12.966787951053007,0.951232730154576,7.9166772792997,1326934767.5131285,29242011531.727245
base_stranded,2030,23967.715665308835,7067.648000000002,1766.9120000000005,29268.451665308836,2031.6532600000028,13808449890.128187,3292165055.106755,1797131706.5974605,4467450468.263616,3233951077.5630493,1017751582.5973064,37791706697.867256,34931733655.06414,2859973042.803117,1347557728.4251716,585820216.4073992,2185437157.4911356,7618911947.590304,0.0,16168709005.281487,12.315944101420891,14.123124580141136,1.8071804787202446,14.673503418318944,1927161628.8630521,43050461421.85543
base_stranded,2031,24226.33928152156,9013.258000000003,1766.9120000000005,31472.68528152156,1801.6348600000015,12551221118.181135,2992420720.1370573,1633506845.9874434,4060699000.094497,2939506996.2843723,925087555.6777649,47974932986.71104,44322642656.73947,3652290329.971564,1740433773.4282978,765764292.5762737,3062281285.004233,10011700530.224295,0.0,16542434055.194185,12.623842703956413,14.60433997268865,1.9804972687322362,15.688545201149662,2446448125.2042384,55601682540.03657
base_stranded,2032,24214.6141173393,10919.168000000003,1766.9120000000005,33366.870117339306,1764.87266,12602492425.196415,3004644655.961022,1640179665.3269787,4077286815.986681,2951514781.364483,928866506.5572504,57812386087.07136,53383797870.62315,4428588216.448202,2134914703.5762744,950882209.6313584,3964405207.945754,12404523686.421896,0.0,16952036203.138325,12.93943877155532,15.043104660972288,2.103665889416968,16.257783096755652,2948102159.839943,68204174965.23299
base_stranded,2033,23891.865006399443,12150.208000000008,1766.9120000000005,34275.16100639945,1139.9430400000042,8343534889.890761,1989238054.895628,1085888076.8683908,2699385459.439884,1954063190.4771059,614960108.2097517,63342661714.37981,58448969181.0584,4893692533.3214,2396082518.087768,1084537947.0563717,4610085486.7361,13957216618.089497,0.0,17311815680.087696,13.262924740844204,15.381185914515573,2.1182611736713692,15.971297546068563,3230114694.261598,76547709855.12375
base_stranded,2034,23771.715351425668,12885.728000000005,1766.9120000000005,34890.53135142567,681.0915199999971,5109710246.432052,1218240254.9797256,665014709.7216079,1653145546.006131,1196698622.1456668,376611113.57892,65640860707.84048,60516446081.60961,5124414626.230864,2556025740.649772,1178945867.9417646,5060065664.897865,14874396729.807959,0.0,17711788248.724464,13.594497859365307,15.650851237547938,2.0563533781826315,15.126365088696536,3347309743.1938295,81657420101.5558
base_stranded,2035,23887.256108106583,13125.728000000005,1766.9120000000005,35246.072108106586,222.24,1708979661.4943032,407449291.2837363,222418994.16945323,552906520.9885659,400244535.9036265,125960319.14892149,64654871474.47932,59540512172.34063,5114359302.138685,2609519911.7807455,1230926639.0739205,5298519528.1925535,15127007674.737137,0.0,18123856863.73336,13.93436030584944,15.858777449302938,1.924417143453498,13.810588367272626,3297029912.431041,83366399763.0501
base_stranded_tariff,2025,24283.45239077604,158.28,0.0,24441.73239077604,146.56728,880466912.8030716,209918015.8216216,114590342.7393104,284857630.88475,206206123.35738954,64894799.99999999,638592119.7557116,591002599.7557116,47589519.99999999,21758064.84659218,11595678.294268979,57677823.334079996,150175078.61209512,0.0,14422223935.022041,10.885499999999999,10.907528724659254,0.02202872465925587,0.20236759596945486,32564558.13245868,880466912.8030716
base_stranded_tariff,2026,24271.727226593783,483.448,0.0,24755.175226593783,301.105568,1854038139.5622182,442033654.93367565,241297955.40846902,599837318.5021526,434217358.71792084,136651852.0,1961545739.6238232,1814826441.49049,146719298.13333333,67574984.80355202,36303103.152691066,180574513.79577115,466122091.0394863,0.0,14755074887.335432,11.157637499999998,11.22259435132426,0.06495685132426132,0.5821738815610544,100027651.91009912,2734505052.3652897
base_stranded_tariff,2027,24137.68235128837,1215.6239999999998,0.0,25353.30635128837,677.9949759999998,4279078152.1979666,1020203692.1470954,556910231.3085232,1384410983.6282248,1002163857.0141236,315389388.0999998,4997534952.494594,4622889213.954594,374645738.5399998,173319401.2777044,93565795.19112517,465403684.73430896,1195137951.7989106,0.0,15093399723.557346,11.436578437499996,11.593770483068624,0.1571920455686282,1.3744674285903757,254845796.62799507,7013583204.563256
base_stranded_tariff,2028,23939.489675777782,2768.14,0.0,26707.62967577778,1437.6298160000001,9300251208.659153,2217335202.465495,1210402069.7031014,3008912075.4094934,2178126991.600439,685474869.4806247,11569576503.726208,10700864794.902082,868711708.8241246,403146855.2627501,218388499.0818463,1086281711.9084034,2779338883.076582,0.0,15470695986.321886,11.722492898437494,12.056288149757249,0.3337952513197546,2.847476677629257,589982455.1039654,16313834413.222408
base_stranded_tariff,2029,23944.369217361065,4873.637999999999,0.0,28818.007217361064,1949.6911479999992,12928177118.504837,3082293325.7845387,1682566630.7977712,4182655647.912355,3027790422.2402587,952871091.7699132,20543081866.31894,18995638205.356556,1547443660.9623837,722627476.2858961,394111262.46702015,1960340671.2118576,4979686683.2270355,0.0,15802254781.868877,12.015555220898431,12.544222008990802,0.5286667880923712,4.399853176762658,1047580079.6156279,29242011531.727245
base_stranded_tariff,2030,23967.715665308835,7067.648000000002,1766.9120000000005,29268.451665308836,2031.6532600000028,13808449890.128187,3292165055.106755,1797131706.5974605,4467450468.263616,3233951077.5630493,1017751582.5973064,29835557919.36889,27577684464.524323,2257873454.8445663,1063861364.5461884,585820216.4073992,2185437157.4911356,6598353089.970984,678312259.514765,16168709005.281487,12.315944101420891,13.11447522926977,0.7985311278488787,6.483718351374712,1521443391.207673,43050461421.85543
base_stranded_tariff,2031,24226.33928152156,9013.258000000003,1766.9120000000005,31472.68528152156,1801.6348600000015,12551221118.181135,2992420720.1370573,1633506845.9874434,4060699000.094497,2939506996.2843723,925087555.6777649,37874947094.77187,34991559992.16274,2883387102.60913,1374026663.2328668,765764292.5762737,3062281285.004233,8709878434.930868,680710241.7105521,16542434055.194185,12.623842703956413,13.513979593467173,0.8901368895107602,7.051235589554561,1931406414.6349256,55601682540.03657
base_stranded_tariff,2032,24214.6141173393,10919.168000000003,1766.9120000000005,33366.870117339306,1764.87266,12602492425.196415,3004644655.961022,1640179665.3269787,4077286815.986681,2951514781.364483,928866506.5572504,45641357437.161606,42145103582.070915,3496253855.090687,1685458976.507585,950882209.6313584,3964405207.945754,10827842366.6651,682863176.9884747,16952036203.138325,12.93943877155532,13.885252225995709,0.9458134544403887,7.309540012813875,2327449073.55785,68204174965.23299
base_stranded_tariff,2033,23891.865006399443,12150.208000000008,1766.9120000000005,34275.16100639945,1139.9430400000042,8343534889.890761,1989238054.895628,1085888076.8683908,2699385459.439884,1954063190.4771059,614960108.2097517,50007364511.352486,46143923037.6777,3863441473.6747904,1891644093.2271855,1084537947.0563717,4610085486.7361,12217723316.132229,680219580.0331562,17311815680.087696,13.262924740844204,14.190933100078055,0.9280083592338517,6.997011423701882,2550090548.101262,76547709855.12375
base_stranded_tariff,2034,23771.715351425668,12885.728000000005,1766.9120000000005,34890.53135142567,681.0915199999971,5109710246.432052,1218240254.9797256,665014709.7216079,1653145546.006131,1196698622.1456668,376611113.57892,51821732137.768814,47776141643.37602,4045590494.392788,2017915058.407715,1178945867.9417646,5060065664.897865,13056420898.86726,674166921.9861321,17711788248.724464,13.594497859365307,14.453897512695313,0.8593996533300068,6.321672651836585,2642612955.153024,81657420101.5558
base_stranded_tariff,2035,23887.256108106583,13125.728000000005,1766.9120000000005,35246.072108106586,222.24,1708979661.4943032,407449291.2837363,222418994.16945323,552906520.9885659,400244535.9036265,125960319.14892149,51043319585.11526,47005667504.479454,4037652080.6358047,2060147298.7742727,1230926639.0739205,5298519528.1925535,13316994725.795946,663672488.8893498,18123856863.73336,13.93436030584944,14.678969724521878,0.7446094186724377,5.343692873793859,2602918351.919243,83366399763.0501
