scenario,year,baseline_peak_mw,dc_peak_mw,total_peak_mw,baseline_energy_gwh,dc_energy_gwh,total_energy_gwh
low,2025,24283.45239077604,7.649999999999999,24291.102390776043,132490.2295257181,53.61119999999999,132543.84072571812
low,2026,24271.727226593783,169.48999999999998,24441.217226593784,132241.92744508357,1187.78592,133429.71336508356
low,2027,24137.68235128837,707.37,24845.05235128837,131974.78429446003,4957.248960000001,136932.03325446002
low,2028,23939.489675777782,1921.7475,25861.237175777784,131974.4539012175,13467.60648,145442.06038121748
low,2029,23944.369217361065,3506.407499999999,27450.776717361063,131514.97780464037,24572.903759999994,156087.88156464035
low,2030,23967.715665308835,5117.637499999996,29085.353165308832,131282.7410723316,35864.403599999976,167147.14467233157
low,2031,24226.33928152156,6499.367499999997,30725.706781521556,131041.1927899708,45547.56743999998,176588.76022997077
low,2032,24214.6141173393,7857.184999999999,32071.7991173393,131010.598700802,55063.15247999999,186073.751180802
low,2033,23891.865006399443,8718.655000000002,32610.520006399445,130527.88897138668,61100.334240000026,191628.2232113867
low,2034,23771.715351425668,9177.515000000009,32949.23035142568,130286.44700195926,64316.025120000064,194602.47212195932
low,2035,23887.256108106583,9233.765000000009,33121.02110810659,130065.94106889308,64710.225120000054,194776.16618889314
base,2025,24283.45239077604,158.28,24441.73239077604,132490.2295257181,1109.22624,133599.4557657181
base,2026,24271.727226593783,483.448,24755.175226593783,132241.92744508357,3388.003584,135629.93102908356
base,2027,24137.68235128837,1215.6239999999998,25353.30635128837,131974.78429446003,8519.092991999998,140493.87728646002
base,2028,23939.489675777782,2768.14,26707.62967577778,131974.4539012175,19399.12512,151373.5790212175
base,2029,23944.369217361065,4873.637999999999,28818.007217361064,131514.97780464037,34154.45510399999,165669.43290864036
base,2030,23967.715665308835,7067.648000000002,31035.363665308836,131282.7410723316,49530.077184000016,180812.81825633164
base,2031,24226.33928152156,9013.258000000003,33239.597281521565,131041.1927899708,63164.912064000026,194206.1048539708
base,2032,24214.6141173393,10919.168000000003,35133.7821173393,131010.598700802,76521.52934400002,207532.12804480203
base,2033,23891.865006399443,12150.208000000008,36042.07300639945,130527.88897138668,85148.65766400006,215676.54663538674
base,2034,23771.715351425668,12885.728000000005,36657.443351425674,130286.44700195926,90303.18182400003,220589.62882595928
base,2035,23887.256108106583,13125.728000000005,37012.98410810659,130065.94106889308,91985.10182400004,222051.04289289314
high,2025,24283.45239077604,408.73,24692.18239077604,132490.2295257181,2864.37984,135354.60936571812
high,2026,24271.727226593783,993.418,25265.145226593784,132241.92744508357,6961.873344,139203.80078908356
high,2027,24137.68235128837,2007.234,26144.91635128837,131974.78429446003,14066.695872,146041.48016646004
high,2028,23939.489675777782,3950.8425,27890.33217577778,131974.4539012175,27687.504240000006,159661.9581412175
high,2029,23944.369217361065,6639.503000000001,30583.872217361066,131514.97780464037,46529.637024,178044.61482864036
high,2030,23967.715665308835,9456.495499999995,33424.21116530883,131282.7410723316,66271.12046399996,197553.8615363316
high,2031,24226.33928152156,12011.587999999992,36237.92728152155,131041.1927899708,84177.20870399995,215218.40149397074
high,2032,24214.6141173393,14509.392999999993,38724.00711733929,131010.598700802,101681.82614399995,232692.42484480195
high,2033,23891.865006399443,16148.06299999999,40039.92800639943,130527.88897138668,113165.62550399994,243693.51447538662
high,2034,23771.715351425668,17229.272999999986,41000.98835142565,130286.44700195926,120742.74518399991,251029.19218595917
high,2035,23887.256108106583,17753.022999999986,41640.279108106566,130065.94106889308,124413.1851839999,254479.12625289298
mc_p5,2025,24283.45239077604,11.323489624845298,24294.775880400888,132490.2295257181,79.35501529091584,132569.58454100904
mc_p5,2026,24271.727226593783,200.139945468814,24471.867172062597,132241.92744508357,1402.5807378454485,133644.508182929
mc_p5,2027,24137.68235128837,666.4328271138528,24804.115178402222,131974.78429446003,4670.36125241388,136645.14554687392
mc_p5,2028,23939.489675777782,1588.096724903422,25527.586400681204,131974.4539012175,11129.381848123181,143103.83574934068
mc_p5,2029,23944.369217361065,2853.335631841927,26797.704849202994,131514.97780464037,19996.176107948224,151511.1539125886
mc_p5,2030,23967.715665308835,4237.848734481389,28205.564399790223,131282.7410723316,29698.843931245578,160981.5850035772
mc_p5,2031,24226.33928152156,5517.16827547167,29743.50755699323,131041.1927899708,38664.31527450546,169705.50806447625
mc_p5,2032,24214.6141173393,6719.920282409748,30934.53439974905,131010.598700802,47093.20133912752,178103.8000399295
mc_p5,2033,23891.865006399443,7692.199360042363,31584.064366441806,130527.88897138668,53906.933115176886,184434.82208656357
mc_p5,2034,23771.715351425668,8322.641488943853,32094.35684036952,130286.44700195926,58325.071554518516,188611.51855647776
mc_p5,2035,23887.256108106583,8660.769368162677,32548.02547626926,130065.94106889308,60694.67173208404,190760.61280097713
mc_p50,2025,24283.45239077604,158.72463149144767,24442.17702226749,132490.2295257181,1112.3422174920652,133602.57174321017
mc_p50,2026,24271.727226593783,466.42025546557625,24738.147482059358,132241.92744508357,3268.6731503027586,135510.60059538632
mc_p50,2027,24137.68235128837,1255.9673815770934,25393.649732865466,131974.78429446003,8801.81941009227,140776.60370455228
mc_p50,2028,23939.489675777782,2741.669849208436,26681.15952498622,131974.4539012175,19213.62230325272,151188.0762044702
mc_p50,2029,23944.369217361065,4663.086880090001,28607.456097451068,131514.97780464037,32678.912855670726,164193.8906603111
mc_p50,2030,23967.715665308835,6622.906393704749,30590.622059013585,131282.7410723316,46413.32800708288,177696.06907941448
mc_p50,2031,24226.33928152156,8490.989803288134,32717.329084809695,131041.1927899708,59504.856541443245,190546.04933141405
mc_p50,2032,24214.6141173393,10254.915476882143,34469.52959422144,131010.598700802,71866.44766199005,202877.04636279205
mc_p50,2033,23891.865006399443,11654.797240759297,35546.66224715874,130527.88897138668,81676.81906324116,212204.70803462784
mc_p50,2034,23771.715351425668,12506.94811304814,36278.66346447381,130286.44700195926,87648.69237624138,217935.13937820063
mc_p50,2035,23887.256108106583,12957.044999015821,36844.3011071224,130065.94106889308,90802.97135310288,220868.91242199595
mc_p95,2025,24283.45239077604,323.5695694112632,24607.021960187303,132490.2295257181,2267.575542434133,134757.80506815223
mc_p95,2026,24271.727226593783,742.9633847952433,25014.690611389025,132241.92744508357,5206.687400645065,137448.61484572862
mc_p95,2027,24137.68235128837,1841.4051095837644,25979.087460872135,131974.78429446003,12904.567007963022,144879.35130242305
mc_p95,2028,23939.489675777782,3947.3248383621944,27886.814514139976,131974.4539012175,27662.852467242257,159637.30636845974
mc_p95,2029,23944.369217361065,6542.808724019129,30487.177941380192,131514.97780464037,45852.00353792606,177366.98134256643
mc_p95,2030,23967.715665308835,9160.820619483049,33128.53628479189,131282.7410723316,64199.03090133721,195481.77197366883
mc_p95,2031,24226.33928152156,11565.70862336946,35792.04790489102,131041.1927899708,81052.48603257319,212093.678822544
mc_p95,2032,24214.6141173393,13651.968682227178,37866.58279956648,131010.598700802,95672.99652504806,226683.59522585006
mc_p95,2033,23891.865006399443,15138.618400848436,39030.48340724788,130527.88897138668,106091.43775314584,236619.32672453253
mc_p95,2034,23771.715351425668,16073.366214265374,39845.08156569104,130286.44700195926,112642.15042957175,242928.597431531
mc_p95,2035,23887.256108106583,16569.363548347792,40456.61965645438,130065.94106889308,116118.09974682133,246184.0408157144
