project_id,campus_name,developer,tenant,county,state,capacity_mw_it,capacity_mw_grid,stage,announced_date,expected_cod,source_url,source_quote,source_date,duplicate_of,confidence,notes
P001,Lake Anna Technology Campus,Amazon Web Services,,Louisa,VA,,420.0,construction,,,https://insidethedatacenter.com/articles/virginia-data-centers/,153 acres; 7 buildings; 420 MW,2026-09-22,,medium,Tracker gives 2040 as full build-out target; first-power year unknown. Verify serving utility.
P002,Stafford Technology Campus,STACK Infrastructure,,Stafford,VA,,1000.0,construction,,2027.0,https://insidethedatacenter.com/articles/virginia-data-centers/,500 acres; 19 buildings; 1 GW+,2026-09-22,,medium,Verify serving utility (Dominion vs. cooperative).
P003,VA1 campus,CleanArc Data Centers,,Caroline,VA,,900.0,construction,,2026.0,https://insidethedatacenter.com/articles/virginia-data-centers/,650 acres; 900 MW; $3B,2026-09-22,,medium,First 200 MW targeted late 2026; full build-out phased. Verify serving utility.
P004,Richmond campus (Technology Creek Drive),Iron Mountain,,Henrico,VA,,200.0,construction,,,https://insidethedatacenter.com/articles/virginia-data-centers/,66 acres; 4 buildings; 200 MW+,2026-09-22,,medium,
P005,MD-VA1,Menlo Digital,,Fairfax,VA,48.0,,construction,,2026.0,https://insidethedatacenter.com/articles/virginia-data-centers/,"307,498 sq ft; 48 MW critical",2026-09-22,,medium,Critical (IT) load; grid load estimated by the model with PUE.
P006,Shannon Hill campus,EdgeCore,,Louisa,VA,,1100.0,announced,,,https://insidethedatacenter.com/articles/virginia-data-centers/,6 buildings; 3.1M sq ft; 1.1 GW+,2026-09-22,,medium,Verify serving utility.
P007,Dahlgren West,Dahlgren Innovation Hub / Oasis Digital,,King George,VA,,1200.0,zoned,,,https://insidethedatacenter.com/articles/virginia-data-centers/,"1,200 MW per tracker",2026-09-22,,low,Tracker figure; verify with county approval documents and serving utility.
P008,Tuckahoe Technology Park,Tract,,Goochland,VA,,900.0,announced,,,https://insidethedatacenter.com/articles/virginia-data-centers/,871 acres; 7 buildings; 900 MW,2026-09-22,,medium,Conditional use application filed.
P009,Powhatan Data Center Campus,Province Group,,Powhatan,VA,,350.0,zoned,,,https://insidethedatacenter.com/articles/virginia-data-centers/,181 acres; 2M sq ft; 300 to 400 MW,2026-09-22,,medium,Midpoint of the 300-400 MW range.
P010,Culpeper Technology Zone campus (expansion),EdgeCore,,Culpeper,VA,,236.0,announced,,,https://insidethedatacenter.com/articles/virginia-data-centers/,196 MW; 432 MW at build-out,2026-09-22,,low,Expansion only: 432 MW build-out minus 196 MW operating. Verify serving utility.
P011,Upper Magnolia Green data center,Google,,Chesterfield,VA,,900.0,zoned,,2031.0,https://www.datacenterdynamics.com/en/news/dominion-to-build-new-high-voltage-lines-to-supply-proposed-900mw-data-center-in-chesterfield-county-virginia/,Dominion to build new high voltage lines to supply proposed 900MW data center,2025-04-30,,medium,Three 300 MW phases 2031-2033 (Skidmore); developer and May 2025 zoning approval per tracker.
P012,TA Realty Loudoun campus,TA Realty,Unnamed cloud provider,Loudoun,VA,,430.0,announced,2023-11-17,2027.0,https://www.intelligentcio.com/north-america/?p=33477,TA Realty signs 430-megawatt lease at data center campus in Loudoun County,2023-11-17,,low,Construction was to start late 2023; current stage not verified.
P013,STACK Ashburn,STACK Infrastructure,,Loudoun,VA,,144.0,announced,2025-02-01,2026.0,https://www.blackridgeresearch.com/blog/list-of-largest-upcoming-data-centers-in-virginia-united-states-us,144 MW,2026-02-06,,medium,
P014,NVA-06 Leesburg,STACK Infrastructure,,Loudoun,VA,,72.0,construction,,2026.0,https://www.blackridgeresearch.com/blog/list-of-largest-upcoming-data-centers-in-virginia-united-states-us,72 MW,2026-02-06,,medium,Phase 2 timing TBD.
P015,Gainesville Crossing (building under construction),Corscale,,Prince William,VA,,54.0,construction,,2025.0,https://www.blackridgeresearch.com/blog/list-of-largest-upcoming-data-centers-in-virginia-united-states-us,54 MW (part of 325 MW campus),2026-02-06,,medium,
P016,Gainesville Crossing (remainder of campus),Corscale,,Prince William,VA,,271.0,announced,,,https://www.blackridgeresearch.com/blog/list-of-largest-upcoming-data-centers-in-virginia-united-states-us,54 MW (part of 325 MW campus),2026-02-06,,low,Remainder: 325 MW campus minus 54 MW building.
AGG-ESA-001,Dominion ESA aggregate (unnamed) 2027-1,,,,VA,,309.7,esa_signed,2026-07-31,2027.0,https://www.investing.com/news/company-news/dominion-q2-2026-slides-data-centers-surge-offshore-wind-81-done-93CH-4828982,12.0 GW under electric service agreements,2026-07-31,,medium,Aggregate: Dominion-reported ESA MW (12000) minus individually listed ESA-backed MW (2708); split into ~300 MW chunks so Monte Carlo is not all-or-nothing
AGG-ESA-002,Dominion ESA aggregate (unnamed) 2027-2,,,,VA,,309.7,esa_signed,2026-07-31,2027.0,https://www.investing.com/news/company-news/dominion-q2-2026-slides-data-centers-surge-offshore-wind-81-done-93CH-4828982,12.0 GW under electric service agreements,2026-07-31,,medium,Aggregate: Dominion-reported ESA MW (12000) minus individually listed ESA-backed MW (2708); split into ~300 MW chunks so Monte Carlo is not all-or-nothing
AGG-ESA-003,Dominion ESA aggregate (unnamed) 2027-3,,,,VA,,309.7,esa_signed,2026-07-31,2027.0,https://www.investing.com/news/company-news/dominion-q2-2026-slides-data-centers-surge-offshore-wind-81-done-93CH-4828982,12.0 GW under electric service agreements,2026-07-31,,medium,Aggregate: Dominion-reported ESA MW (12000) minus individually listed ESA-backed MW (2708); split into ~300 MW chunks so Monte Carlo is not all-or-nothing
AGG-ESA-004,Dominion ESA aggregate (unnamed) 2027-4,,,,VA,,309.7,esa_signed,2026-07-31,2027.0,https://www.investing.com/news/company-news/dominion-q2-2026-slides-data-centers-surge-offshore-wind-81-done-93CH-4828982,12.0 GW under electric service agreements,2026-07-31,,medium,Aggregate: Dominion-reported ESA MW (12000) minus individually listed ESA-backed MW (2708); split into ~300 MW chunks so Monte Carlo is not all-or-nothing
AGG-ESA-005,Dominion ESA aggregate (unnamed) 2027-5,,,,VA,,309.7,esa_signed,2026-07-31,2027.0,https://www.investing.com/news/company-news/dominion-q2-2026-slides-data-centers-surge-offshore-wind-81-done-93CH-4828982,12.0 GW under electric service agreements,2026-07-31,,medium,Aggregate: Dominion-reported ESA MW (12000) minus individually listed ESA-backed MW (2708); split into ~300 MW chunks so Monte Carlo is not all-or-nothing
AGG-ESA-006,Dominion ESA aggregate (unnamed) 2027-6,,,,VA,,309.7,esa_signed,2026-07-31,2027.0,https://www.investing.com/news/company-news/dominion-q2-2026-slides-data-centers-surge-offshore-wind-81-done-93CH-4828982,12.0 GW under electric service agreements,2026-07-31,,medium,Aggregate: Dominion-reported ESA MW (12000) minus individually listed ESA-backed MW (2708); split into ~300 MW chunks so Monte Carlo is not all-or-nothing
AGG-ESA-007,Dominion ESA aggregate (unnamed) 2028-1,,,,VA,,309.7,esa_signed,2026-07-31,2028.0,https://www.investing.com/news/company-news/dominion-q2-2026-slides-data-centers-surge-offshore-wind-81-done-93CH-4828982,12.0 GW under electric service agreements,2026-07-31,,medium,Aggregate: Dominion-reported ESA MW (12000) minus individually listed ESA-backed MW (2708); split into ~300 MW chunks so Monte Carlo is not all-or-nothing
AGG-ESA-008,Dominion ESA aggregate (unnamed) 2028-2,,,,VA,,309.7,esa_signed,2026-07-31,2028.0,https://www.investing.com/news/company-news/dominion-q2-2026-slides-data-centers-surge-offshore-wind-81-done-93CH-4828982,12.0 GW under electric service agreements,2026-07-31,,medium,Aggregate: Dominion-reported ESA MW (12000) minus individually listed ESA-backed MW (2708); split into ~300 MW chunks so Monte Carlo is not all-or-nothing
AGG-ESA-009,Dominion ESA aggregate (unnamed) 2028-3,,,,VA,,309.7,esa_signed,2026-07-31,2028.0,https://www.investing.com/news/company-news/dominion-q2-2026-slides-data-centers-surge-offshore-wind-81-done-93CH-4828982,12.0 GW under electric service agreements,2026-07-31,,medium,Aggregate: Dominion-reported ESA MW (12000) minus individually listed ESA-backed MW (2708); split into ~300 MW chunks so Monte Carlo is not all-or-nothing
AGG-ESA-010,Dominion ESA aggregate (unnamed) 2028-4,,,,VA,,309.7,esa_signed,2026-07-31,2028.0,https://www.investing.com/news/company-news/dominion-q2-2026-slides-data-centers-surge-offshore-wind-81-done-93CH-4828982,12.0 GW under electric service agreements,2026-07-31,,medium,Aggregate: Dominion-reported ESA MW (12000) minus individually listed ESA-backed MW (2708); split into ~300 MW chunks so Monte Carlo is not all-or-nothing
AGG-ESA-011,Dominion ESA aggregate (unnamed) 2028-5,,,,VA,,309.7,esa_signed,2026-07-31,2028.0,https://www.investing.com/news/company-news/dominion-q2-2026-slides-data-centers-surge-offshore-wind-81-done-93CH-4828982,12.0 GW under electric service agreements,2026-07-31,,medium,Aggregate: Dominion-reported ESA MW (12000) minus individually listed ESA-backed MW (2708); split into ~300 MW chunks so Monte Carlo is not all-or-nothing
AGG-ESA-012,Dominion ESA aggregate (unnamed) 2028-6,,,,VA,,309.7,esa_signed,2026-07-31,2028.0,https://www.investing.com/news/company-news/dominion-q2-2026-slides-data-centers-surge-offshore-wind-81-done-93CH-4828982,12.0 GW under electric service agreements,2026-07-31,,medium,Aggregate: Dominion-reported ESA MW (12000) minus individually listed ESA-backed MW (2708); split into ~300 MW chunks so Monte Carlo is not all-or-nothing
AGG-ESA-013,Dominion ESA aggregate (unnamed) 2029-1,,,,VA,,309.7,esa_signed,2026-07-31,2029.0,https://www.investing.com/news/company-news/dominion-q2-2026-slides-data-centers-surge-offshore-wind-81-done-93CH-4828982,12.0 GW under electric service agreements,2026-07-31,,medium,Aggregate: Dominion-reported ESA MW (12000) minus individually listed ESA-backed MW (2708); split into ~300 MW chunks so Monte Carlo is not all-or-nothing
AGG-ESA-014,Dominion ESA aggregate (unnamed) 2029-2,,,,VA,,309.7,esa_signed,2026-07-31,2029.0,https://www.investing.com/news/company-news/dominion-q2-2026-slides-data-centers-surge-offshore-wind-81-done-93CH-4828982,12.0 GW under electric service agreements,2026-07-31,,medium,Aggregate: Dominion-reported ESA MW (12000) minus individually listed ESA-backed MW (2708); split into ~300 MW chunks so Monte Carlo is not all-or-nothing
AGG-ESA-015,Dominion ESA aggregate (unnamed) 2029-3,,,,VA,,309.7,esa_signed,2026-07-31,2029.0,https://www.investing.com/news/company-news/dominion-q2-2026-slides-data-centers-surge-offshore-wind-81-done-93CH-4828982,12.0 GW under electric service agreements,2026-07-31,,medium,Aggregate: Dominion-reported ESA MW (12000) minus individually listed ESA-backed MW (2708); split into ~300 MW chunks so Monte Carlo is not all-or-nothing
AGG-ESA-016,Dominion ESA aggregate (unnamed) 2029-4,,,,VA,,309.7,esa_signed,2026-07-31,2029.0,https://www.investing.com/news/company-news/dominion-q2-2026-slides-data-centers-surge-offshore-wind-81-done-93CH-4828982,12.0 GW under electric service agreements,2026-07-31,,medium,Aggregate: Dominion-reported ESA MW (12000) minus individually listed ESA-backed MW (2708); split into ~300 MW chunks so Monte Carlo is not all-or-nothing
AGG-ESA-017,Dominion ESA aggregate (unnamed) 2029-5,,,,VA,,309.7,esa_signed,2026-07-31,2029.0,https://www.investing.com/news/company-news/dominion-q2-2026-slides-data-centers-surge-offshore-wind-81-done-93CH-4828982,12.0 GW under electric service agreements,2026-07-31,,medium,Aggregate: Dominion-reported ESA MW (12000) minus individually listed ESA-backed MW (2708); split into ~300 MW chunks so Monte Carlo is not all-or-nothing
AGG-ESA-018,Dominion ESA aggregate (unnamed) 2029-6,,,,VA,,309.7,esa_signed,2026-07-31,2029.0,https://www.investing.com/news/company-news/dominion-q2-2026-slides-data-centers-surge-offshore-wind-81-done-93CH-4828982,12.0 GW under electric service agreements,2026-07-31,,medium,Aggregate: Dominion-reported ESA MW (12000) minus individually listed ESA-backed MW (2708); split into ~300 MW chunks so Monte Carlo is not all-or-nothing
AGG-ESA-019,Dominion ESA aggregate (unnamed) 2030-1,,,,VA,,309.7,esa_signed,2026-07-31,2030.0,https://www.investing.com/news/company-news/dominion-q2-2026-slides-data-centers-surge-offshore-wind-81-done-93CH-4828982,12.0 GW under electric service agreements,2026-07-31,,medium,Aggregate: Dominion-reported ESA MW (12000) minus individually listed ESA-backed MW (2708); split into ~300 MW chunks so Monte Carlo is not all-or-nothing
AGG-ESA-020,Dominion ESA aggregate (unnamed) 2030-2,,,,VA,,309.7,esa_signed,2026-07-31,2030.0,https://www.investing.com/news/company-news/dominion-q2-2026-slides-data-centers-surge-offshore-wind-81-done-93CH-4828982,12.0 GW under electric service agreements,2026-07-31,,medium,Aggregate: Dominion-reported ESA MW (12000) minus individually listed ESA-backed MW (2708); split into ~300 MW chunks so Monte Carlo is not all-or-nothing
AGG-ESA-021,Dominion ESA aggregate (unnamed) 2030-3,,,,VA,,309.7,esa_signed,2026-07-31,2030.0,https://www.investing.com/news/company-news/dominion-q2-2026-slides-data-centers-surge-offshore-wind-81-done-93CH-4828982,12.0 GW under electric service agreements,2026-07-31,,medium,Aggregate: Dominion-reported ESA MW (12000) minus individually listed ESA-backed MW (2708); split into ~300 MW chunks so Monte Carlo is not all-or-nothing
AGG-ESA-022,Dominion ESA aggregate (unnamed) 2030-4,,,,VA,,309.7,esa_signed,2026-07-31,2030.0,https://www.investing.com/news/company-news/dominion-q2-2026-slides-data-centers-surge-offshore-wind-81-done-93CH-4828982,12.0 GW under electric service agreements,2026-07-31,,medium,Aggregate: Dominion-reported ESA MW (12000) minus individually listed ESA-backed MW (2708); split into ~300 MW chunks so Monte Carlo is not all-or-nothing
AGG-ESA-023,Dominion ESA aggregate (unnamed) 2030-5,,,,VA,,309.7,esa_signed,2026-07-31,2030.0,https://www.investing.com/news/company-news/dominion-q2-2026-slides-data-centers-surge-offshore-wind-81-done-93CH-4828982,12.0 GW under electric service agreements,2026-07-31,,medium,Aggregate: Dominion-reported ESA MW (12000) minus individually listed ESA-backed MW (2708); split into ~300 MW chunks so Monte Carlo is not all-or-nothing
AGG-ESA-024,Dominion ESA aggregate (unnamed) 2030-6,,,,VA,,309.7,esa_signed,2026-07-31,2030.0,https://www.investing.com/news/company-news/dominion-q2-2026-slides-data-centers-surge-offshore-wind-81-done-93CH-4828982,12.0 GW under electric service agreements,2026-07-31,,medium,Aggregate: Dominion-reported ESA MW (12000) minus individually listed ESA-backed MW (2708); split into ~300 MW chunks so Monte Carlo is not all-or-nothing
AGG-ESA-025,Dominion ESA aggregate (unnamed) 2031-1,,,,VA,,309.7,esa_signed,2026-07-31,2031.0,https://www.investing.com/news/company-news/dominion-q2-2026-slides-data-centers-surge-offshore-wind-81-done-93CH-4828982,12.0 GW under electric service agreements,2026-07-31,,medium,Aggregate: Dominion-reported ESA MW (12000) minus individually listed ESA-backed MW (2708); split into ~300 MW chunks so Monte Carlo is not all-or-nothing
AGG-ESA-026,Dominion ESA aggregate (unnamed) 2031-2,,,,VA,,309.7,esa_signed,2026-07-31,2031.0,https://www.investing.com/news/company-news/dominion-q2-2026-slides-data-centers-surge-offshore-wind-81-done-93CH-4828982,12.0 GW under electric service agreements,2026-07-31,,medium,Aggregate: Dominion-reported ESA MW (12000) minus individually listed ESA-backed MW (2708); split into ~300 MW chunks so Monte Carlo is not all-or-nothing
AGG-ESA-027,Dominion ESA aggregate (unnamed) 2031-3,,,,VA,,309.7,esa_signed,2026-07-31,2031.0,https://www.investing.com/news/company-news/dominion-q2-2026-slides-data-centers-surge-offshore-wind-81-done-93CH-4828982,12.0 GW under electric service agreements,2026-07-31,,medium,Aggregate: Dominion-reported ESA MW (12000) minus individually listed ESA-backed MW (2708); split into ~300 MW chunks so Monte Carlo is not all-or-nothing
AGG-ESA-028,Dominion ESA aggregate (unnamed) 2031-4,,,,VA,,309.7,esa_signed,2026-07-31,2031.0,https://www.investing.com/news/company-news/dominion-q2-2026-slides-data-centers-surge-offshore-wind-81-done-93CH-4828982,12.0 GW under electric service agreements,2026-07-31,,medium,Aggregate: Dominion-reported ESA MW (12000) minus individually listed ESA-backed MW (2708); split into ~300 MW chunks so Monte Carlo is not all-or-nothing
AGG-ESA-029,Dominion ESA aggregate (unnamed) 2031-5,,,,VA,,309.7,esa_signed,2026-07-31,2031.0,https://www.investing.com/news/company-news/dominion-q2-2026-slides-data-centers-surge-offshore-wind-81-done-93CH-4828982,12.0 GW under electric service agreements,2026-07-31,,medium,Aggregate: Dominion-reported ESA MW (12000) minus individually listed ESA-backed MW (2708); split into ~300 MW chunks so Monte Carlo is not all-or-nothing
AGG-ESA-030,Dominion ESA aggregate (unnamed) 2031-6,,,,VA,,309.7,esa_signed,2026-07-31,2031.0,https://www.investing.com/news/company-news/dominion-q2-2026-slides-data-centers-surge-offshore-wind-81-done-93CH-4828982,12.0 GW under electric service agreements,2026-07-31,,medium,Aggregate: Dominion-reported ESA MW (12000) minus individually listed ESA-backed MW (2708); split into ~300 MW chunks so Monte Carlo is not all-or-nothing
